USE lunchgo;

-- 테스트용: 사용자 데이터 초기화 (FK 체크 비활성화)
SET FOREIGN_KEY_CHECKS = 0;
DELETE FROM users WHERE user_id BETWEEN 1 AND 10;
SET FOREIGN_KEY_CHECKS = 1;

-- ==========================================
-- 1. 독립적인 테이블 데이터 생성 (FK 의존성 없음)
-- ==========================================

-- [1-1] Users (사용자)
INSERT INTO users (
    user_id, email, password, name, nickname, phone, birth, gender, image,
    company_name, company_address, status, marketing_agree, email_authentication, role
) VALUES
    (1, 'popsicle0404@naver.com', '1234', '김판교', '맛있는점심', '010-1234-5678', '1995-08-15', 'M', NULL,
     '런치고주식회사', '서울시 강남구 테헤란로 123', 'ACTIVE', 1, 1, 'USER'),
    (2, 'lee@lunch.com', '1234', '이강남', '맛집탐험가', '010-9876-5432', '1995-12-25', 'NONE', NULL,
     '네이버', '경기 성남시 분당구', 'ACTIVE', 0, 1, 'USER'),
    (3, 'park@lunch.com', '1234', '박휴면', '잠자는유저', '010-1111-2222', '1988-08-15', 'M', NULL,
     '삼성전자', '서울 서초구', 'DORMANT', 1, 1, 'USER'),
    (4, 'choi@lunch.com', '1234', '최탈퇴', NULL, '010-3333-4444', '1990-01-01', 'F', NULL,
     '무소속', '서울', 'WITHDRAWAL', 0, 0, 'USER'),
    (5, 'wonyejeon04@gmail.com', 'wjsdPdnjs04!', '전예원', 'yewoni', '010-4255-6115', '2004-04-20', 'F',
     'https://kr.object.ncloudstorage.com/lunchgo-storage/profile/2025/12/29/8f2dd8c7-704b-402c-b085-f5db70553fb2.jpg',
     '판교회사', '경기 성남시 분당구 판교역로 166 1층', 'ACTIVE', 1, 1, 'USER'),
    (6, 'user1@example.com', 'password123!', '김철수', 'IronSoo', '010-1111-2222', '1990-01-15', 'M', NULL,
     '테크솔루션', '서울시 강남구 테헤란로 123', 'ACTIVE', 1, 1, 'USER'),
    (7, 'user2@test.co.kr', 'securepass456', '이영희', 'ZeroHee', '010-3333-4444', '1995-05-20', 'F', NULL,
     '디자인그룹 픽셀', '서울시 마포구 양화로 45', 'ACTIVE', 0, 1, 'USER'),
    (8, 'dev_park@coding.io', 'devpass789', '박민수', 'CodeMaster', '010-5555-6666', '1988-11-03', 'M', NULL,
     '넥스트레벨 소프트', '경기도 성남시 분당구 판교역로 200', 'ACTIVE', 1, 0, 'USER'),
    (9, 'art_choi@studio.net', 'artpass321', '최지우', 'ArtChoi', '010-7777-8888', '1992-08-12', 'F', NULL,
     '크리에이티브 랩', '부산시 해운대구 센텀중앙로 99', 'ACTIVE', 1, 1, 'USER'),
    (10, 'sales_jung@biz.com', 'bizpass654', '정재훈', 'BizJung', '010-9999-0000', '1985-03-30', 'M', NULL,
     '글로벌 무역', '인천시 연수구 송도과학로 50', 'ACTIVE', 0, 1, 'USER');

-- 테스트용: user_id=2 활성 상태로 설정
UPDATE users SET status = 'ACTIVE' WHERE user_id = 2;

-- [1-2] Owners (점주)
INSERT INTO owners (login_id, password, business_num, name, phone, status, role, start_at) VALUES
                                                                                     ('owner_korean', '1234', '111-22-33333', '백종원', '010-5555-6666', 'ACTIVE', 'OWNER', '2002-01-01'),
                                                                                     ('owner_japan', '1234', '444-55-66666', '최현석', '010-7777-8888', 'ACTIVE', 'OWNER', '2003-01-01'),
                                                                                     ('owner_new', '1234', '777-88-99999', '새내기', '010-0000-0000', 'PENDING', 'OWNER', '2004-01-01');

-- [1-3] Managers (관리자) - last_login_at NOT NULL 주의
INSERT INTO managers (login_id, password, role, last_login_at) VALUES
                                                                   ('admin_master', '1234', 'SUPER_ADMIN', NOW()),
                                                                   ('admin_sub', '1234', 'CS_MANAGER', NOW());

-- [1-4] Specialities (취향 키워드)
INSERT INTO specialities (keyword, is_liked) VALUES
-- 호불호
('오이', 0),      -- 오이를 싫어해요
('오이', 1),      -- 오이를 좋아해요
('고수', 0),      -- 고수를 싫어해요
('고수', 1),      -- 고수를 좋아해요
('해물', 0),      -- 해물을 싫어해요
('해물', 1),      -- 해물을 좋아해요
('치즈', 0),      -- 치즈를 싫어해요
('치즈', 1),      -- 치즈를 좋아해요
('매운 음식', 1),  -- 매운 음식을 좋아해요
('매운 음식', 0),  -- 매운 음식을 싫어해요
('느끼한 음식', 0),-- 느끼한 음식을 싫어해요
('인스타 감성', 1),-- 인스타 감성을 좋아해요

-- 알레르기 (못먹어요 -> 0)
('땅콩', 0),      -- 땅콩을 못먹어요
('견과류', 0),    -- 견과류를 못먹어요
('갑각류', 0),    -- 갑각류를 못먹어요
('우유', 0),      -- 우유를 못먹어요
('계란', 0),      -- 계란을 못먹어요
('밀가루', 0),    -- 밀가루를 못먹어요
('해산물', 0),    -- 해산물을 못먹어요

-- 식습관 (먹어요 -> 1, 안먹어요 -> 0)
('비건 음식', 1),  -- 비건 음식만 먹어요
('돼지고기', 0),   -- 돼지고기를 안먹어요
('소고기', 0);     -- 소고기를 안먹어요


-- ==========================================
-- 2. 참조 테이블 데이터 생성 (FK 의존성 있음)
-- ==========================================

-- [2-1] Speciality_mappings (유저 <-> 취향 매핑)
INSERT INTO speciality_mappings (user_id, speciality_id) VALUES
                                                             (1, 1), -- 김판교: 한식 선호
                                                             (1, 5), -- 김판교: 가성비 선호
                                                             (2, 2), -- 이강남: 일식 선호
                                                             (2, 6); -- 이강남: 오이 싫어함

-- [2-1-1] 테스트용 기피 키워드 추가 (userId=2)
INSERT INTO speciality_mappings (user_id, speciality_id)
SELECT 2, speciality_id
FROM specialities
WHERE is_liked = 0
  AND keyword IN ('오이', '고수', '돼지고기', '계란', '김치');

-- [2-2] Staffs (직원) -> Owner 참조
INSERT INTO staffs (email, password, name, role, owner_id) VALUES
                                                               ('staff1@store.com', '1234', '알바생1', 'ROLE_STAFF', 1),
                                                               ('manager@store.com', '1234', '매니저1', 'ROLE_MANAGER', 1),
                                                               ('chef@sushi.com', '1234', '초밥장인', 'ROLE_CHEF', 2);

-- [2-3] Restaurants (식당) -> Owner 참조
-- phone 제약조건(REGEXP) 주의: 000-0000-0000 형식 준수
INSERT INTO restaurants (
    owner_id, name, phone, road_address, detail_address,
    status, description, avg_main_price, reservation_limit,
    holiday_available, preorder_available, open_time, close_time, open_date
) VALUES
      (
          1, -- owner_korean
          '판교 숯불갈비',
          '031-123-4567',
          '경기도 성남시 분당구 판교역로 123',
          '1층 101호',
          'OPEN',
          '참숯으로 구운 진한 갈비의 맛',
          18000,
          50,
          1, -- 공휴일 영업함
          1, -- 선주문 가능
          '11:00:00',
          '22:00:00',
          '2023-01-01'
      ),
      (
          1, -- owner_korean (다점포 소유 가정)
          '판교 김치찌개',
          '031-123-4568',
          '경기도 성남시 분당구 판교역로 123',
          '지하 102호',
          'OPEN',
          '직장인 점심 해장 추천',
          9000,
          30,
          0, -- 공휴일 쉼
          0, -- 선주문 불가
          '10:30:00',
          '21:00:00',
          '2023-03-15'
      ),
      (
          2, -- owner_japan
          '스시 오마카세 런치',
          '02-555-1234',
          '서울시 강남구 테헤란로 456',
          '2층',
          'OPEN',
          '신선한 제철 생선으로 만드는 스시',
          50000,
          10,
          1,
          1,
          '12:00:00',
          '23:00:00',
          '2024-01-01'
      );

-- [2-4] Bookmarks (즐겨찾기) -> User, Restaurant 참조
INSERT INTO bookmarks (user_id, restaurant_id, promotion_agree, is_public) VALUES
    (1, 1, 1, 1), -- 김판교 -> 판교 숯불갈비 (알림 ON, 공개)
    (1, 3, 0, 0), -- 김판교 -> 스시 오마카세 (알림 OFF, 비공개)
    (2, 3, 1, 1), -- 이강남 -> 스시 오마카세 (알림 ON, 공개)
    (3, 2, 0, 0), -- 박휴면 -> 판교 김치찌개 (알림 OFF, 비공개)
    (5, 1, 1, 1), -- 전예원 -> 판교 숯불갈비 (알림 ON, 공개)
    (5, 2, 0, 1), -- 전예원 -> 판교 김치찌개 (알림 OFF, 공개)
    (6, 1, 0, 1), -- 김철수 -> 판교 숯불갈비 (알림 OFF, 공개)
    (6, 3, 1, 1); -- 김철수 -> 스시 오마카세 (알림 ON, 공개)

-- [2-5] Bookmark links (링크 요청/승인)
INSERT INTO bookmark_links (requester_id, receiver_id, status, created_at, responded_at) VALUES
    (1, 2, 'APPROVED', '2025-12-29 10:00:00', '2025-12-29 10:05:00'),
    (5, 1, 'PENDING', '2025-12-29 11:00:00', NULL),
    (6, 7, 'REJECTED', '2025-12-29 12:00:00', '2025-12-29 12:10:00');


-- 사업자 122개의 data 등록
INSERT INTO owners (login_id, password, name, phone, status, role, business_num, start_at) VALUES
                                                                                               ('owner1', 'password123!', '권미영', '010-8488-8610', 'ACTIVE', 'OWNER', '952-46-01009', '2002-04-08'),
                                                                                               ('owner2', 'password123!', '송서연', '010-6202-1817', 'ACTIVE', 'OWNER', '965-89-94549', '1973-04-08'),
                                                                                               ('owner3', 'password123!', '오도현', '010-6068-9770', 'ACTIVE', 'OWNER', '695-06-91301', '1973-11-12'),
                                                                                               ('owner4', 'password123!', '홍영수', '010-9088-7371', 'ACTIVE', 'OWNER', '924-74-82562', '1962-12-03'),
                                                                                               ('owner5', 'password123!', '윤미영', '010-2084-2100', 'ACTIVE', 'OWNER', '512-37-40234', '1933-07-03'),
                                                                                               ('owner6', 'password123!', '서지우', '010-4028-8395', 'ACTIVE', 'OWNER', '690-68-52499', '2020-07-20'),
                                                                                               ('owner7', 'password123!', '박도현', '010-6576-2583', 'ACTIVE', 'OWNER', '849-31-54749', '2011-06-27'),
                                                                                               ('owner8', 'password123!', '권민수', '010-6364-5138', 'ACTIVE', 'OWNER', '263-13-23661', '1957-07-14'),
                                                                                               ('owner9', 'password123!', '최서연', '010-7133-2558', 'ACTIVE', 'OWNER', '371-25-00017', '2008-04-02'),
                                                                                               ('owner10', 'password123!', '조성민', '010-6642-6967', 'ACTIVE', 'OWNER', '991-82-78215', '1940-11-29'),
                                                                                               ('owner11', 'password123!', '임서연', '010-9402-4009', 'ACTIVE', 'OWNER', '377-08-02321', '1995-06-20'),
                                                                                               ('owner12', 'password123!', '조은지', '010-4215-5442', 'ACTIVE', 'OWNER', '121-99-89664', '1938-05-18'),
                                                                                               ('owner13', 'password123!', '한도현', '010-5199-5045', 'ACTIVE', 'OWNER', '803-27-43346', '1976-03-31'),
                                                                                               ('owner14', 'password123!', '서하은', '010-2732-7569', 'ACTIVE', 'OWNER', '979-56-36405', '2002-05-19'),
                                                                                               ('owner15', 'password123!', '최미영', '010-3546-2899', 'ACTIVE', 'OWNER', '454-16-19240', '1987-11-02'),
                                                                                               ('owner16', 'password123!', '한하은', '010-3801-8547', 'ACTIVE', 'OWNER', '583-57-93110', '2013-12-18'),
                                                                                               ('owner17', 'password123!', '한준호', '010-4464-9577', 'ACTIVE', 'OWNER', '580-88-86915', '1998-01-25'),
                                                                                               ('owner18', 'password123!', '홍미영', '010-8023-5543', 'ACTIVE', 'OWNER', '333-19-20397', '1972-04-26'),
                                                                                               ('owner19', 'password123!', '강수진', '010-9165-4629', 'ACTIVE', 'OWNER', '791-68-22100', '2005-01-08'),
                                                                                               ('owner20', 'password123!', '황지은', '010-3520-8337', 'ACTIVE', 'OWNER', '712-24-76157', '1936-09-07'),
                                                                                               ('owner21', 'password123!', '정예은', '010-6994-5172', 'ACTIVE', 'OWNER', '532-11-72803', '1959-02-23'),
                                                                                               ('owner22', 'password123!', '이성민', '010-3625-7662', 'ACTIVE', 'OWNER', '314-47-03288', '1973-06-24'),
                                                                                               ('owner23', 'password123!', '김건우', '010-8945-6237', 'ACTIVE', 'OWNER', '915-83-93470', '1967-02-24'),
                                                                                               ('owner24', 'password123!', '조영수', '010-9487-9254', 'ACTIVE', 'OWNER', '218-20-64068', '1997-02-23'),
                                                                                               ('owner25', 'password123!', '신성민', '010-7610-6885', 'ACTIVE', 'OWNER', '210-18-90894', '2016-04-04'),
                                                                                               ('owner26', 'password123!', '황다은', '010-7097-4819', 'ACTIVE', 'OWNER', '282-98-14194', '2012-01-28'),
                                                                                               ('owner27', 'password123!', '김미영', '010-9656-3377', 'ACTIVE', 'OWNER', '871-97-96683', '2023-09-11'),
                                                                                               ('owner28', 'password123!', '윤지우', '010-9878-3363', 'ACTIVE', 'OWNER', '344-08-78097', '2017-07-06'),
                                                                                               ('owner29', 'password123!', '신민재', '010-7911-6991', 'ACTIVE', 'OWNER', '459-55-60710', '1971-02-03'),
                                                                                               ('owner30', 'password123!', '장재욱', '010-7055-4489', 'ACTIVE', 'OWNER', '553-30-08992', '1970-08-31'),
                                                                                               ('owner31', 'password123!', '권상우', '010-4238-1043', 'ACTIVE', 'OWNER', '749-38-30432', '1989-08-16'),
                                                                                               ('owner32', 'password123!', '최민수', '010-8926-1359', 'ACTIVE', 'OWNER', '852-55-32484', '1994-12-24'),
                                                                                               ('owner33', 'password123!', '강하은', '010-4559-8003', 'ACTIVE', 'OWNER', '336-78-47029', '1974-04-25'),
                                                                                               ('owner34', 'password123!', '조예은', '010-6946-8968', 'ACTIVE', 'OWNER', '119-44-75963', '1992-08-20'),
                                                                                               ('owner35', 'password123!', '임지은', '010-6259-1300', 'ACTIVE', 'OWNER', '939-42-22565', '1986-02-23'),
                                                                                               ('owner36', 'password123!', '신민재', '010-4715-5066', 'ACTIVE', 'OWNER', '308-97-93567', '1976-09-03'),
                                                                                               ('owner37', 'password123!', '한예은', '010-6388-7422', 'ACTIVE', 'OWNER', '104-57-50000', '1931-07-18'),
                                                                                               ('owner38', 'password123!', '임예은', '010-9374-4088', 'ACTIVE', 'OWNER', '310-01-60993', '1960-10-29'),
                                                                                               ('owner39', 'password123!', '신현우', '010-6390-1123', 'ACTIVE', 'OWNER', '545-58-31536', '1935-05-04'),
                                                                                               ('owner40', 'password123!', '조상우', '010-9351-5471', 'ACTIVE', 'OWNER', '442-50-88559', '1993-08-14'),
                                                                                               ('owner41', 'password123!', '오예은', '010-8591-7112', 'ACTIVE', 'OWNER', '384-55-07901', '2008-05-19'),
                                                                                               ('owner42', 'password123!', '송지현', '010-4919-7827', 'ACTIVE', 'OWNER', '232-27-97583', '2018-04-08'),
                                                                                               ('owner43', 'password123!', '윤은지', '010-6013-9153', 'ACTIVE', 'OWNER', '109-87-29625', '2015-05-31'),
                                                                                               ('owner44', 'password123!', '정건우', '010-8170-1896', 'ACTIVE', 'OWNER', '809-00-32442', '2003-12-14'),
                                                                                               ('owner45', 'password123!', '정건우', '010-6208-4392', 'ACTIVE', 'OWNER', '390-06-39282', '1996-09-16'),
                                                                                               ('owner46', 'password123!', '안상우', '010-2154-2265', 'ACTIVE', 'OWNER', '692-84-61320', '2003-06-11'),
                                                                                               ('owner47', 'password123!', '장재욱', '010-3382-3695', 'ACTIVE', 'OWNER', '194-20-05327', '1999-05-30'),
                                                                                               ('owner48', 'password123!', '박미영', '010-9091-7818', 'ACTIVE', 'OWNER', '806-64-54304', '1994-05-03'),
                                                                                               ('owner49', 'password123!', '이영수', '010-4585-7567', 'ACTIVE', 'OWNER', '434-60-92255', '2015-11-21'),
                                                                                               ('owner50', 'password123!', '송지우', '010-6007-6374', 'ACTIVE', 'OWNER', '814-41-79665', '1946-06-28'),
                                                                                               ('owner51', 'password123!', '김은지', '010-4335-1788', 'ACTIVE', 'OWNER', '646-11-56801', '1947-10-10'),
                                                                                               ('owner52', 'password123!', '임민재', '010-9740-4424', 'ACTIVE', 'OWNER', '707-13-73341', '1990-01-31'),
                                                                                               ('owner53', 'password123!', '임하은', '010-2248-3396', 'ACTIVE', 'OWNER', '738-87-88591', '1931-02-02'),
                                                                                               ('owner54', 'password123!', '안지은', '010-9262-2246', 'ACTIVE', 'OWNER', '644-40-38530', '1983-07-27'),
                                                                                               ('owner55', 'password123!', '홍재욱', '010-6143-7485', 'ACTIVE', 'OWNER', '676-66-55875', '1945-03-11'),
                                                                                               ('owner56', 'password123!', '장성민', '010-4603-1296', 'ACTIVE', 'OWNER', '918-21-83158', '1956-06-05'),
                                                                                               ('owner57', 'password123!', '한은지', '010-3649-5933', 'ACTIVE', 'OWNER', '520-60-03067', '2024-12-27'),
                                                                                               ('owner58', 'password123!', '윤지우', '010-4618-8597', 'ACTIVE', 'OWNER', '937-62-36232', '1988-01-29'),
                                                                                               ('owner59', 'password123!', '송영수', '010-2926-6635', 'ACTIVE', 'OWNER', '423-74-02013', '1931-06-12'),
                                                                                               ('owner60', 'password123!', '안도현', '010-9281-1642', 'ACTIVE', 'OWNER', '639-95-03266', '1954-08-10'),
                                                                                               ('owner61', 'password123!', '장건우', '010-6233-3260', 'ACTIVE', 'OWNER', '507-07-76543', '1944-12-29'),
                                                                                               ('owner62', 'password123!', '오서연', '010-8748-6191', 'ACTIVE', 'OWNER', '287-00-29768', '1935-02-09'),
                                                                                               ('owner63', 'password123!', '서다은', '010-6259-2699', 'ACTIVE', 'OWNER', '891-67-53828', '2009-05-22'),
                                                                                               ('owner64', 'password123!', '조서연', '010-2152-6422', 'ACTIVE', 'OWNER', '961-06-27161', '2010-09-03'),
                                                                                               ('owner65', 'password123!', '이예은', '010-7893-3183', 'ACTIVE', 'OWNER', '538-33-49369', '1932-11-23'),
                                                                                               ('owner66', 'password123!', '박지현', '010-7614-9088', 'ACTIVE', 'OWNER', '434-28-88300', '1980-09-24'),
                                                                                               ('owner67', 'password123!', '조지현', '010-9301-6101', 'ACTIVE', 'OWNER', '502-58-05502', '1952-12-02'),
                                                                                               ('owner68', 'password123!', '권건우', '010-6021-5343', 'ACTIVE', 'OWNER', '109-50-38827', '2013-02-08'),
                                                                                               ('owner69', 'password123!', '장상우', '010-4397-6407', 'ACTIVE', 'OWNER', '210-27-53552', '2000-07-13'),
                                                                                               ('owner70', 'password123!', '윤건우', '010-7106-7028', 'ACTIVE', 'OWNER', '932-81-66519', '2007-10-16'),
                                                                                               ('owner71', 'password123!', '안미영', '010-6439-1269', 'ACTIVE', 'OWNER', '935-29-72837', '2024-03-27'),
                                                                                               ('owner72', 'password123!', '권현우', '010-8442-1874', 'ACTIVE', 'OWNER', '450-00-15329', '2011-09-04'),
                                                                                               ('owner73', 'password123!', '윤영수', '010-9025-3048', 'ACTIVE', 'OWNER', '825-68-21307', '1991-09-15'),
                                                                                               ('owner74', 'password123!', '신준호', '010-8007-2747', 'ACTIVE', 'OWNER', '732-97-83205', '1990-03-26'),
                                                                                               ('owner75', 'password123!', '전미영', '010-5950-8210', 'ACTIVE', 'OWNER', '738-71-16572', '2001-08-15'),
                                                                                               ('owner76', 'password123!', '김지은', '010-7137-1868', 'ACTIVE', 'OWNER', '637-90-17207', '1946-01-11'),
                                                                                               ('owner77', 'password123!', '임건우', '010-7604-8741', 'ACTIVE', 'OWNER', '482-31-99830', '1937-07-04'),
                                                                                               ('owner78', 'password123!', '임은지', '010-7208-4944', 'ACTIVE', 'OWNER', '605-29-28861', '1975-01-01'),
                                                                                               ('owner79', 'password123!', '안다은', '010-6530-5584', 'ACTIVE', 'OWNER', '791-60-39468', '1936-08-13'),
                                                                                               ('owner80', 'password123!', '윤다은', '010-2153-9735', 'ACTIVE', 'OWNER', '232-34-92854', '1952-08-08'),
                                                                                               ('owner81', 'password123!', '오도현', '010-7842-7957', 'ACTIVE', 'OWNER', '703-36-15881', '1938-01-31'),
                                                                                               ('owner82', 'password123!', '최성민', '010-6646-1296', 'ACTIVE', 'OWNER', '632-65-35886', '2011-03-15'),
                                                                                               ('owner83', 'password123!', '전지은', '010-8783-3439', 'ACTIVE', 'OWNER', '598-21-67065', '2023-10-31'),
                                                                                               ('owner84', 'password123!', '임민재', '010-4061-3554', 'ACTIVE', 'OWNER', '657-95-99246', '1977-07-22'),
                                                                                               ('owner85', 'password123!', '전준호', '010-4359-8065', 'ACTIVE', 'OWNER', '102-74-76170', '1933-03-25'),
                                                                                               ('owner86', 'password123!', '권민재', '010-8239-5934', 'ACTIVE', 'OWNER', '845-97-69964', '2021-06-19'),
                                                                                               ('owner87', 'password123!', '한현우', '010-8511-8314', 'ACTIVE', 'OWNER', '457-57-88263', '2020-09-05'),
                                                                                               ('owner88', 'password123!', '강예은', '010-4968-7262', 'ACTIVE', 'OWNER', '735-80-07402', '1964-02-15'),
                                                                                               ('owner89', 'password123!', '박지은', '010-2391-1732', 'ACTIVE', 'OWNER', '627-81-29999', '2013-04-05'),
                                                                                               ('owner90', 'password123!', '홍수진', '010-5695-6799', 'ACTIVE', 'OWNER', '145-12-70699', '1969-09-10'),
                                                                                               ('owner91', 'password123!', '조지현', '010-7670-5612', 'ACTIVE', 'OWNER', '293-65-67126', '1994-09-28'),
                                                                                               ('owner92', 'password123!', '오수진', '010-4860-9801', 'ACTIVE', 'OWNER', '487-89-38159', '1942-01-08'),
                                                                                               ('owner93', 'password123!', '조다은', '010-2029-3679', 'ACTIVE', 'OWNER', '840-07-86782', '2025-04-06'),
                                                                                               ('owner94', 'password123!', '전건우', '010-9595-5086', 'ACTIVE', 'OWNER', '787-34-69566', '1996-01-07'),
                                                                                               ('owner95', 'password123!', '박재욱', '010-6831-4833', 'ACTIVE', 'OWNER', '948-27-00368', '2015-10-19'),
                                                                                               ('owner96', 'password123!', '김건우', '010-9570-7702', 'ACTIVE', 'OWNER', '205-41-56500', '1981-08-25'),
                                                                                               ('owner97', 'password123!', '송하은', '010-5312-4685', 'ACTIVE', 'OWNER', '245-03-78500', '1966-05-09'),
                                                                                               ('owner98', 'password123!', '안건우', '010-7579-7267', 'ACTIVE', 'OWNER', '816-71-02382', '2013-08-12'),
                                                                                               ('owner99', 'password123!', '권지현', '010-8121-6456', 'ACTIVE', 'OWNER', '339-79-26277', '2010-05-12'),
                                                                                               ('owner100', 'password123!', '윤민수', '010-7446-5856', 'ACTIVE', 'OWNER', '253-90-80633', '1932-01-25'),
                                                                                               ('owner101', 'password123!', '윤상우', '010-4300-1940', 'ACTIVE', 'OWNER', '674-10-90748', '1962-01-27'),
                                                                                               ('owner102', 'password123!', '정미영', '010-9052-2321', 'ACTIVE', 'OWNER', '274-72-76511', '2014-09-16'),
                                                                                               ('owner103', 'password123!', '이지은', '010-3864-8878', 'ACTIVE', 'OWNER', '740-24-72762', '1997-06-17'),
                                                                                               ('owner104', 'password123!', '임예은', '010-6789-8464', 'ACTIVE', 'OWNER', '665-74-45047', '1969-06-09'),
                                                                                               ('owner105', 'password123!', '전서연', '010-3928-8600', 'ACTIVE', 'OWNER', '964-28-27600', '1996-01-10'),
                                                                                               ('owner106', 'password123!', '장성민', '010-4449-6356', 'ACTIVE', 'OWNER', '426-44-89991', '1995-09-03'),
                                                                                               ('owner107', 'password123!', '한예은', '010-4881-3522', 'ACTIVE', 'OWNER', '653-62-26821', '1978-05-02'),
                                                                                               ('owner108', 'password123!', '한서연', '010-5834-2359', 'ACTIVE', 'OWNER', '171-47-15848', '2019-12-23'),
                                                                                               ('owner109', 'password123!', '오성민', '010-5739-4789', 'ACTIVE', 'OWNER', '686-52-66431', '1961-06-17'),
                                                                                               ('owner110', 'password123!', '전서연', '010-9415-9424', 'ACTIVE', 'OWNER', '747-15-34506', '1960-06-20'),
                                                                                               ('owner111', 'password123!', '임영수', '010-8295-1361', 'ACTIVE', 'OWNER', '925-09-45811', '2009-09-28'),
                                                                                               ('owner112', 'password123!', '오지은', '010-4538-8059', 'ACTIVE', 'OWNER', '509-32-86336', '1963-03-23'),
                                                                                               ('owner113', 'password123!', '조다은', '010-6150-6284', 'ACTIVE', 'OWNER', '200-01-71719', '2017-11-15'),
                                                                                               ('owner114', 'password123!', '권지우', '010-3949-6531', 'ACTIVE', 'OWNER', '786-31-71530', '1945-05-11'),
                                                                                               ('owner115', 'password123!', '서지우', '010-5376-6605', 'ACTIVE', 'OWNER', '262-45-33298', '1956-05-24'),
                                                                                               ('owner116', 'password123!', '임은지', '010-6188-4724', 'ACTIVE', 'OWNER', '725-24-96479', '2021-07-20'),
                                                                                               ('owner117', 'password123!', '전현우', '010-4301-5373', 'ACTIVE', 'OWNER', '841-95-96790', '1980-12-14'),
                                                                                               ('owner118', 'password123!', '윤성민', '010-3399-5884', 'ACTIVE', 'OWNER', '410-10-87353', '2000-09-27'),
                                                                                               ('owner119', 'password123!', '송건우', '010-3747-1196', 'ACTIVE', 'OWNER', '141-84-32690', '1948-05-29'),
                                                                                               ('owner120', 'password123!', '송서연', '010-6599-4637', 'ACTIVE', 'OWNER', '263-90-75030', '1955-03-22'),
                                                                                               ('owner121', 'password123!', '이서연', '010-9291-9223', 'ACTIVE', 'OWNER', '914-27-29571', '1961-02-26'),
                                                                                               ('owner122', 'password123!', '최지현', '010-2121-9070', 'ACTIVE', 'OWNER', '244-48-55882', '1994-12-25');
